url,status_code,js_rendered,page_type,schema_types_found,schema_count,primary_schema_type,schema_completeness_score,missing_required_properties,validation_errors,has_faq,has_reviews,has_product_data,recommended_schemas,recommendation_priority
https://www.efax.com/blog/healthcare-evolution-of-digital-fax,200,True,Blog/Article,"WebPage, Person, Organization, BreadcrumbList, Article, ImageObject, WebSite",7,Article,100,,0,False,True,False,,
https://www.efax.com/blog/fax-server,200,True,FAQ,"WebPage, Person, Organization, FAQPage, BreadcrumbList, Article, ImageObject, WebSite",8,Article,100,,0,True,False,False,,
https://www.efax.com/blog/walgreens-fax,200,True,Blog/Article,"WebPage, Person, Organization, FAQPage, BreadcrumbList, Article, ImageObject, WebSite",8,Article,100,,0,False,False,False,,
https://www.efax.com/blog/the-evolution-of-fax,200,True,Blog/Article,"WebPage, Person, Organization, BreadcrumbList, Article, ImageObject, WebSite",7,Article,100,,0,False,False,False,,
https://www.efax.com/blog/law-firm-compliance,200,True,Blog/Article,"WebPage, Person, Organization, FAQPage, BreadcrumbList, Article, ImageObject, WebSite",8,Article,100,,0,False,False,False,,
https://www.efax.com/blog/benefits-of-online-fax-services-for-healthcare,200,True,Blog/Article,"WebPage, Person, Organization, BreadcrumbList, Article, ImageObject, WebSite",7,Article,100,,0,False,False,False,,
https://www.efax.com/blog/j2-global-to-spin-off-cloud-fax-and-consensus-as-new-public-company,200,True,Blog/Article,"WebPage, Person, Organization, BreadcrumbList, Article, ImageObject, WebSite",7,Article,100,,0,False,True,False,,
https://www.efax.com/blog/efax-corporate-now-available-to-millions-of-verizon-business-customers-across-north-america,200,True,Blog/Article,"WebPage, Person, Organization, BreadcrumbList, Article, ImageObject, WebSite",7,Article,100,,0,False,True,False,,
https://www.efax.com/blog/5-reasons-why-efax-corporate-is-a-game-changer-across-all-industries-part-four-its-secure,200,True,Blog/Article,"WebPage, Person, Organization, BreadcrumbList, Article, ImageObject, WebSite",7,Article,100,,0,False,False,False,,
https://www.efax.com/blog/why-hitrust-csf-certification-should-factor-into-your-selection-of-a-cloud-fax-provider,200,True,Blog/Article,"WebPage, Person, Organization, BreadcrumbList, Article, ImageObject, WebSite",7,Article,100,,0,False,True,False,,
https://www.efax.com/blog/cloud-adoption-2025,200,True,Blog/Article,"WebPage, Person, Organization, BreadcrumbList, Article, ImageObject, WebSite",7,Article,100,,0,False,True,False,,
https://www.efax.com/blog/efax-corporate-brings-cloud-fax-technology-to-aws-customers-worldwide,200,True,Blog/Article,"WebPage, Person, Organization, BreadcrumbList, Article, ImageObject, WebSite",7,Article,100,,0,False,False,False,,
https://www.efax.com/blog/virtual-panel-on-healthcare-cybersecurity-in-the-covid-era-the-devices-are-always-listening,200,True,Blog/Article,"WebPage, Person, Organization, BreadcrumbList, Article, ImageObject, WebSite",7,Article,100,,0,False,True,False,,
https://www.efax.com/blog/ephi-data-leakage-and-the-8-hiding-places-youve-forgotten,200,True,Blog/Article,"WebPage, Person, Organization, BreadcrumbList, Article, ImageObject, WebSite",7,Article,100,,0,False,True,False,,
https://www.efax.com/blog/5-keys-to-digital-transformation,200,True,Blog/Article,"WebPage, Person, Organization, BreadcrumbList, Article, ImageObject, WebSite",7,Article,100,,0,False,True,False,,
https://www.efax.com/blog/tech-of-the-1980s-and-today,200,True,Blog/Article,"WebPage, Person, Organization, BreadcrumbList, Article, ImageObject, WebSite",7,Article,100,,0,False,False,False,,
https://www.efax.com/blog/walmart-fax-service,200,True,FAQ,"WebPage, Person, Organization, FAQPage, BreadcrumbList, Article, ImageObject, WebSite",8,Article,100,,0,True,False,False,,
https://www.efax.com/blog/staples-fax-service,200,True,Blog/Article,"WebPage, Person, Organization, FAQPage, BreadcrumbList, Article, ImageObject, WebSite",8,Article,100,,0,False,False,False,,
https://www.efax.com/blog/fax-confirmation-page,200,True,Blog/Article,"WebPage, Person, Organization, FAQPage, BreadcrumbList, Article, ImageObject, WebSite",8,Article,100,,0,False,False,False,,
https://www.efax.com/blog/insights-from-athena-health,200,True,Blog/Article,"WebPage, Person, Organization, BreadcrumbList, Article, ImageObject, WebSite",7,Article,100,,0,False,True,False,,
https://www.efax.com/blog/muse-inspire-conference-2025,200,True,Blog/Article,"WebPage, Person, Organization, BreadcrumbList, Article, ImageObject, WebSite",7,Article,100,,0,False,True,False,,
https://www.efax.com/blog/innovating-ai-in-healthcare,200,True,Blog/Article,"WebPage, Person, Organization, BreadcrumbList, Article, ImageObject, WebSite",7,Article,100,,0,False,True,False,,
https://www.efax.com/blog/how-long-does-a-fax-take,200,True,Blog/Article,"WebPage, Person, Organization, FAQPage, BreadcrumbList, Article, ImageObject, WebSite",8,Article,100,,0,False,False,False,,
https://www.efax.com/blog/ecfax-fedramp-high-cloud-fax-government,200,True,Blog/Article,"WebPage, Person, Organization, BreadcrumbList, Article, ImageObject, WebSite",7,Article,100,,0,False,False,False,,
https://www.efax.com/blog/snfs-healthcare-interoperability,200,True,Blog/Article,"WebPage, Person, Organization, BreadcrumbList, Article, ImageObject, WebSite",7,Article,100,,0,False,True,False,,
https://www.efax.com/blog/health-tech-investments,200,True,Blog/Article,"WebPage, Person, Organization, BreadcrumbList, Article, ImageObject, WebSite",7,Article,100,,0,False,True,False,,
https://www.efax.com/blog/skilled-nursing-manual-workflow-costs,200,True,Blog/Article,"WebPage, Person, Organization, BreadcrumbList, Article, ImageObject, WebSite",7,Article,100,,0,False,True,False,,
https://www.efax.com/blog/turning-expensive-health-disparities-into-economic-opportunities,200,True,Blog/Article,"WebPage, Person, Organization, BreadcrumbList, Article, ImageObject, WebSite",7,Article,100,,0,False,True,False,,
https://www.efax.com/blog/takeaways-vive-2025-ai-healthcare-roi,200,True,Blog/Article,"WebPage, Person, Organization, BreadcrumbList, Article, ImageObject, WebSite",7,Article,100,,0,False,True,False,,
https://www.efax.com/blog/better-behavioral-health-workflows,200,True,Blog/Article,"WebPage, Person, Organization, BreadcrumbList, Article, ImageObject, WebSite",7,Article,100,,0,False,True,False,,
https://www.efax.com/blog/hlth-2024,200,True,Blog/Article,"WebPage, Person, Organization, BreadcrumbList, Article, ImageObject, WebSite",7,Article,100,,0,False,True,False,,
https://www.efax.com/blog/healthcare-financial-barriers,200,True,Blog/Article,"WebPage, Person, Organization, BreadcrumbList, Article, ImageObject, WebSite",7,Article,100,,0,False,True,False,,
https://www.efax.com/blog/prioritizing-health-tech-investments,200,True,Blog/Article,"WebPage, Person, Organization, BreadcrumbList, Article, ImageObject, WebSite",7,Article,100,,0,False,True,False,,
https://www.efax.com/blog/cms-prior-authorization,200,True,Blog/Article,"WebPage, Person, Organization, BreadcrumbList, Article, ImageObject, WebSite",7,Article,100,,0,False,True,False,,
https://www.efax.com/blog/introducing-bevey-talks-healthit,200,True,Blog/Article,"WebPage, Person, Organization, BreadcrumbList, Article, ImageObject, WebSite",7,Article,100,,0,False,True,False,,
https://www.efax.com/blog/cyberattacks-in-healthcare,200,True,Blog/Article,"WebPage, Person, Organization, BreadcrumbList, Article, ImageObject, WebSite",7,Article,100,,0,False,False,False,,
https://www.efax.com/blog/leveraging-ai-for-roi,200,True,Blog/Article,"WebPage, Person, Organization, BreadcrumbList, Article, ImageObject, WebSite",7,Article,100,,0,False,True,False,,
https://www.efax.com/blog/behavioral-health-intake-referral-modernization,200,True,Blog/Article,"WebPage, Person, Organization, BreadcrumbList, Article, ImageObject, WebSite",7,Article,100,,0,False,False,False,,
https://www.efax.com/blog/health-data-interoperability,200,True,Blog/Article,"WebPage, Person, Organization, BreadcrumbList, Article, ImageObject, WebSite",7,Article,100,,0,False,False,False,,
https://www.efax.com/blog/vive-and-himss-2025-key-takeaways,200,True,Blog/Article,"WebPage, Person, Organization, BreadcrumbList, Article, ImageObject, WebSite",7,Article,100,,0,False,True,False,,
https://www.efax.com/blog/cios-agree-its-time-to-overcome-healthcares-reliance-on-paper-data-exchange,200,True,Blog/Article,"WebPage, Person, Organization, BreadcrumbList, Article, ImageObject, WebSite",7,Article,100,,0,False,True,False,,
https://www.efax.com/blog/referrals-small-practices,200,True,Blog/Article,"WebPage, Person, Organization, BreadcrumbList, Article, ImageObject, WebSite",7,Article,100,,0,False,True,False,,
https://www.efax.com/blog/tech-inequity-mental-health-solutions,200,True,Blog/Article,"WebPage, Person, Organization, BreadcrumbList, Article, ImageObject, WebSite",7,Article,100,,0,False,True,False,,
https://www.efax.com/blog/piedmonts-cloud-fax-revolution,200,True,Blog/Article,"WebPage, Person, Organization, BreadcrumbList, Article, ImageObject, WebSite",7,Article,100,,0,False,True,False,,
https://www.efax.com/blog/can-fax-machines-and-digital-technology-coexist,200,True,Blog/Article,"WebPage, Person, Organization, BreadcrumbList, Article, ImageObject, WebSite",7,Article,100,,0,False,True,False,,
https://www.efax.com/blog/are-faxes-encrypted,200,True,Blog/Article,"WebPage, Person, Organization, BreadcrumbList, Article, ImageObject, WebSite",7,Article,100,,0,False,False,False,,
https://www.efax.com/blog/fedramp-high-federal-agencies,200,True,Blog/Article,"WebPage, Person, Organization, BreadcrumbList, Article, ImageObject, WebSite",7,Article,100,,0,False,True,False,,
https://www.efax.com/blog/fedramp-compliance,200,True,Blog/Article,"WebPage, Person, Organization, BreadcrumbList, Article, ImageObject, WebSite",7,Article,100,,0,False,False,False,,
https://www.efax.com/blog/choose-the-best-online-fax-services-for-small-business,200,True,Blog/Article,"WebPage, Person, Organization, BreadcrumbList, Article, ImageObject, WebSite",7,Article,100,,0,False,False,False,,
https://www.efax.com/blog/why-ditching-your-legacy-fax-hardware-just-became-an-immediate-priority,200,True,Blog/Article,"WebPage, Person, Organization, BreadcrumbList, Article, ImageObject, WebSite",7,Article,100,,0,False,True,False,,
https://www.efax.com/blog/a-health-it-leaders-wish-list-for-2025-tech-equity-and-health-equity,200,True,Blog/Article,"WebPage, Person, Organization, BreadcrumbList, Article, ImageObject, WebSite",7,Article,100,,0,False,True,False,,
https://www.efax.com/blog/boost-productivity-with-the-efax-api,200,True,Blog/Article,"WebPage, Person, Organization, BreadcrumbList, Article, ImageObject, WebSite",7,Article,100,,0,False,True,False,,
https://www.efax.com/blog/efax-vs-fax,200,True,Blog/Article,"WebPage, Person, Organization, BreadcrumbList, Article, ImageObject, WebSite",7,Article,100,,0,False,True,False,,
https://www.efax.com/blog/smarter-tools-for-small-practices,200,True,Blog/Article,"WebPage, Person, Organization, BreadcrumbList, Article, ImageObject, WebSite",7,Article,100,,0,False,False,False,,
https://www.efax.com/blog/ehr-in-healthcare,200,True,FAQ,"WebPage, Person, Organization, FAQPage, BreadcrumbList, Article, ImageObject, WebSite",8,Article,100,,0,True,True,False,,
https://www.efax.com/blog/what-is-ehr-interoperability,200,True,FAQ,"WebPage, Person, Organization, FAQPage, BreadcrumbList, Article, ImageObject, WebSite",8,Article,100,,0,True,True,False,,
https://www.efax.com/blog/best-fax-machine-alternative,200,True,Blog/Article,"WebPage, Person, Organization, FAQPage, BreadcrumbList, Article, ImageObject, WebSite",8,Article,100,,0,False,False,False,,
https://www.efax.com/blog/what-is-internet-fax,200,True,Blog/Article,"WebPage, Person, Organization, BreadcrumbList, Article, ImageObject, WebSite",7,Article,100,,0,False,True,False,,
https://www.efax.com/blog/what-is-a-fax-machine,200,True,FAQ,"WebPage, Person, Organization, BreadcrumbList, Article, ImageObject, WebSite",7,Article,100,,0,True,True,False,FAQPage,FAQPage(Medium)
https://www.efax.com/blog/what-is-a-restful-api,200,True,Blog/Article,"WebPage, Person, Organization, BreadcrumbList, Article, ImageObject, WebSite",7,Article,100,,0,False,True,False,,
https://www.efax.com/blog/the-ultimate-guide-to-paperless-faxing,200,True,Blog/Article,"WebPage, Person, Organization, BreadcrumbList, Article, ImageObject, WebSite",7,Article,100,,0,False,True,False,,
https://www.efax.com/blog/environmental-impact-of-digital-faxing,200,True,Blog/Article,"WebPage, Person, Organization, BreadcrumbList, Article, ImageObject, WebSite",7,Article,100,,0,False,True,False,,
https://www.efax.com/blog/fax-machine-prices,200,True,Blog/Article,"WebPage, Person, Organization, BreadcrumbList, Article, ImageObject, WebSite",7,Article,100,,0,False,False,False,,
https://www.efax.com/blog/ai-can-help-solve-prior-auths-connectivity-problem,200,True,Blog/Article,"WebPage, Person, Organization, BreadcrumbList, Article, ImageObject, WebSite",7,Article,100,,0,False,True,False,,
https://www.efax.com/blog/busting-the-myth-digital-fax-is-still-vital-in-healthcare,200,True,Blog/Article,"WebPage, Person, Organization, BreadcrumbList, Article, ImageObject, WebSite",7,Article,100,,0,False,True,False,,
https://www.efax.com/blog/maximizing-your-consensus-partnership-with-cloud-fax-esignature-and-ai-powered-solutions,200,True,Blog/Article,"WebPage, Person, Organization, BreadcrumbList, Article, ImageObject, WebSite",7,Article,100,,0,False,True,False,,
https://www.efax.com/blog/5-ways-your-faxing-might-not-comply-with-privacy-laws,200,True,Blog/Article,"WebPage, Person, Organization, BreadcrumbList, Article, ImageObject, WebSite",7,Article,100,,0,False,False,False,,
https://www.efax.com/blog/can-you-fax-sci-documents,200,True,Blog/Article,"WebPage, Person, Organization, FAQPage, BreadcrumbList, Article, ImageObject, WebSite",8,Article,100,,0,False,False,False,,
https://www.efax.com/blog/24-hour-fax-service,200,True,Blog/Article,"WebPage, Person, Organization, FAQPage, BreadcrumbList, Article, ImageObject, WebSite",8,Article,100,,0,False,True,False,,
https://www.efax.com/blog/fax-integrations,200,True,Blog/Article,"WebPage, Person, Organization, FAQPage, BreadcrumbList, Article, ImageObject, WebSite",8,Article,100,,0,False,True,False,,
https://www.efax.com/blog/cost-to-fax-at-library,200,True,Blog/Article,"WebPage, Person, Organization, FAQPage, BreadcrumbList, Article, ImageObject, WebSite",8,Article,100,,0,False,True,False,,
https://www.efax.com/blog/fedex-fax-service,200,True,Blog/Article,"WebPage, Person, Organization, FAQPage, BreadcrumbList, Article, ImageObject, WebSite",8,Article,100,,0,False,False,False,,
https://www.efax.com/blog/what-is-a-fax-number,200,True,Blog/Article,"WebPage, Person, Organization, FAQPage, BreadcrumbList, Article, ImageObject, WebSite",8,Article,100,,0,False,False,False,,
https://www.efax.com/blog/can-faxes-be-intercepted,200,True,Blog/Article,"WebPage, Person, Organization, BreadcrumbList, Article, ImageObject, WebSite",7,Article,100,,0,False,False,False,,
https://www.efax.com/blog/ups-fax-service,200,True,Blog/Article,"WebPage, Person, Organization, FAQPage, BreadcrumbList, Article, ImageObject, WebSite",8,Article,100,,0,False,False,False,,
https://www.efax.com/blog/fax-tracking,200,True,Blog/Article,"WebPage, Person, Organization, BreadcrumbList, Article, ImageObject, WebSite",7,Article,100,,0,False,True,False,,
https://www.efax.com/blog/faxing-for-modern-workforce,200,True,Blog/Article,"WebPage, Person, Organization, BreadcrumbList, Article, ImageObject, WebSite",7,Article,100,,0,False,False,False,,
https://www.efax.com/blog/how-to-send-a-fax-from-iphone-without-app,200,True,Blog/Article,"WebPage, Person, Organization, BreadcrumbList, Article, ImageObject, WebSite",7,Article,100,,0,False,True,False,,
https://www.efax.com/blog/fax-insurance-documents,200,True,Blog/Article,"WebPage, Person, Organization, FAQPage, BreadcrumbList, Article, ImageObject, WebSite",8,Article,100,,0,False,False,False,,
https://www.efax.com/blog/why-does-faxing-still-exist,200,True,Blog/Article,"WebPage, Person, Organization, BreadcrumbList, Article, ImageObject, WebSite",7,Article,100,,0,False,False,False,,
https://www.efax.com/blog/online-faxing-what-you-need-to-know-about-data-encryption-and-cloud-storage,200,True,Blog/Article,"WebPage, Person, Organization, BreadcrumbList, Article, ImageObject, WebSite",7,Article,100,,0,False,True,False,,
https://www.efax.com/blog/cvs-fax-service,200,True,Blog/Article,"WebPage, Person, Organization, FAQPage, BreadcrumbList, Article, ImageObject, WebSite",8,Article,100,,0,False,False,False,,
https://www.efax.com/blog/email-to-fax-machine,200,True,Blog/Article,"WebPage, Person, Organization, BreadcrumbList, Article, ImageObject, WebSite",7,Article,100,,0,False,False,False,,
https://www.efax.com/blog/fax-header,200,True,Blog/Article,"WebPage, Person, Organization, FAQPage, BreadcrumbList, Article, ImageObject, WebSite",8,Article,100,,0,False,False,False,,
https://www.efax.com/blog/online-fax-number-formats-international-local-examples,200,True,Blog/Article,"WebPage, Person, Organization, FAQPage, BreadcrumbList, Article, ImageObject, WebSite",8,Article,100,,0,False,False,False,,
https://www.efax.com/blog/where-to-find-a-fax-machine,200,True,Blog/Article,"WebPage, Person, Organization, BreadcrumbList, Article, ImageObject, WebSite",7,Article,100,,0,False,False,False,,
https://www.efax.com/blog/fax-forwarding,200,True,Blog/Article,"WebPage, Person, Organization, FAQPage, BreadcrumbList, Article, ImageObject, WebSite",8,Article,100,,0,False,False,False,,
https://www.efax.com/blog/best-fax-apps,200,True,Blog/Article,"WebPage, Person, Organization, BreadcrumbList, Article, ImageObject, WebSite",7,Article,100,,0,False,True,False,,
https://www.efax.com/blog/what-is-mobile-fax,200,True,FAQ,"WebPage, Person, Organization, BreadcrumbList, Article, ImageObject, WebSite",7,Article,100,,0,True,False,False,FAQPage,FAQPage(Medium)
https://www.efax.com/blog/what-is-cloud-faxing,200,True,Blog/Article,"WebPage, Person, Organization, FAQPage, BreadcrumbList, Article, ImageObject, WebSite",8,Article,100,,0,False,True,False,,
https://www.efax.com/blog/mergers-and-acquistions-efax-corporate,200,True,Blog/Article,"WebPage, Person, Organization, BreadcrumbList, Article, ImageObject, WebSite",7,Article,100,,0,False,True,False,,
https://www.efax.com/blog/is-online-fax-secure,200,True,Blog/Article,"WebPage, Person, Organization, BreadcrumbList, Article, ImageObject, WebSite",7,Article,100,,0,False,False,False,,
https://www.efax.com/blog/nursing-home-software,200,True,FAQ,"WebPage, Person, Organization, FAQPage, BreadcrumbList, Article, ImageObject, WebSite",8,Article,100,,0,True,True,False,,
https://www.efax.com/blog/care-coordination,200,True,FAQ,"WebPage, Person, Organization, FAQPage, BreadcrumbList, Article, ImageObject, WebSite",8,Article,100,,0,True,True,False,,
https://www.efax.com/blog/emr-software-buyers-guide,200,True,FAQ,"WebPage, Person, Organization, FAQPage, BreadcrumbList, Article, ImageObject, WebSite",8,Article,100,,0,True,True,False,,
https://www.efax.com/blog/why-online-faxing-is-better-than-email,200,True,FAQ,"WebPage, Person, Organization, FAQPage, BreadcrumbList, Article, ImageObject, WebSite",8,Article,100,,0,True,False,False,,
https://www.efax.com/blog/benefits-of-online-fax-services-for-accounting,200,True,Blog/Article,"WebPage, Person, Organization, BreadcrumbList, Article, ImageObject, WebSite",7,Article,100,,0,False,False,False,,
https://www.efax.com/blog/office-depot-fax,200,True,Blog/Article,"WebPage, Person, Organization, FAQPage, BreadcrumbList, Article, ImageObject, WebSite",8,Article,100,,0,False,True,False,,
https://www.efax.com/blog/why-doctors-still-use-fax,200,True,Blog/Article,"WebPage, Person, Organization, BreadcrumbList, Article, ImageObject, WebSite",7,Article,100,,0,False,False,False,,
https://www.efax.com/blog/what-is-print-to-fax,200,True,Blog/Article,"WebPage, Person, Organization, BreadcrumbList, Article, ImageObject, WebSite",7,Article,100,,0,False,True,False,,
https://www.efax.com/blog/online-faxing-cut-costs-streamline-operations,200,True,FAQ,"WebPage, Person, Organization, FAQPage, BreadcrumbList, Article, ImageObject, WebSite",8,Article,100,,0,True,False,False,,
https://www.efax.com/blog/fax-facts,200,True,FAQ,"WebPage, Person, Organization, FAQPage, BreadcrumbList, Article, ImageObject, WebSite",8,Article,100,,0,True,True,False,,
https://www.efax.com/blog/hipaa-compliant-voip,200,True,Blog/Article,"WebPage, Person, Organization, FAQPage, BreadcrumbList, Article, ImageObject, WebSite",8,Article,100,,0,False,True,False,,
https://www.efax.com/blog/top-takeaways-hlth-2025,200,True,Blog/Article,"WebPage, Person, Organization, BreadcrumbList, Article, ImageObject, WebSite",7,Article,100,,0,False,True,False,,
https://www.efax.com/blog/challenges-solutions-skilled-nursing-facility-care-transitions,200,True,Blog/Article,"WebPage, Person, Organization, BreadcrumbList, Article, ImageObject, WebSite",7,Article,100,,0,False,False,False,,
https://www.efax.com/blog/why-voip-faxing-can-be-trouble,200,True,Blog/Article,"WebPage, Person, Organization, BreadcrumbList, Article, ImageObject, WebSite",7,Article,100,,0,False,True,False,,
https://www.efax.com/blog/fax-over-ip,200,True,Blog/Article,"WebPage, Person, Organization, FAQPage, BreadcrumbList, Article, ImageObject, WebSite",8,Article,100,,0,False,False,False,,
https://www.efax.com/blog/can-you-fax-with-magicjack,200,True,Blog/Article,"WebPage, Person, Organization, BreadcrumbList, Article, ImageObject, WebSite",7,Article,100,,0,False,False,False,,
https://www.efax.com/blog/fax-quality,200,True,FAQ,"WebPage, Person, Organization, FAQPage, BreadcrumbList, Article, ImageObject, WebSite",8,Article,100,,0,True,False,False,,
https://www.efax.com/blog/is-fax-secure-tips-best-practices,200,True,Blog/Article,"WebPage, Person, Organization, FAQPage, BreadcrumbList, Article, ImageObject, WebSite",8,Article,100,,0,False,False,False,,
https://www.efax.com/blog/a-developers-guide-to-the-fax-api,200,True,Blog/Article,"WebPage, Person, Organization, BreadcrumbList, Article, ImageObject, WebSite",7,Article,100,,0,False,True,False,,
https://www.efax.com/blog/brief-history-of-the-fax-machine,200,True,Blog/Article,"WebPage, Person, Organization, FAQPage, BreadcrumbList, Article, ImageObject, WebSite",8,Article,100,,0,False,False,False,,
https://www.efax.com/blog/ai-data-extraction,200,True,Blog/Article,"WebPage, Person, Organization, BreadcrumbList, Article, ImageObject, WebSite",7,Article,100,,0,False,True,False,,
https://www.efax.com/blog/clinical-documentation-improvement-in-healthcare,200,True,Blog/Article,"WebPage, Person, Organization, BreadcrumbList, Article, ImageObject, WebSite",7,Article,100,,0,False,True,False,,
https://www.efax.com/blog/cloud-fax-how-healthcare-providers-can-take-a-major-step-toward-interoperability-right-now,200,True,Blog/Article,"WebPage, Person, Organization, BreadcrumbList, Article, ImageObject, WebSite",7,Article,100,,0,False,False,False,,
https://www.efax.com/blog/ehr-integration,200,True,Blog/Article,"WebPage, Person, Organization, FAQPage, BreadcrumbList, Article, ImageObject, WebSite",8,Article,100,,0,False,True,False,,
https://www.efax.com/blog/ehr-interoperability-in-healthcare,200,True,FAQ,"WebPage, Person, Organization, FAQPage, BreadcrumbList, Article, ImageObject, WebSite",8,Article,100,,0,True,True,False,,
https://www.efax.com/blog/ehr-vs-emr,200,True,FAQ,"WebPage, Person, Organization, FAQPage, BreadcrumbList, Article, ImageObject, WebSite",8,Article,100,,0,True,False,False,,
https://www.efax.com/blog/find-a-fax-number,200,True,Blog/Article,"WebPage, Person, Organization, BreadcrumbList, Article, ImageObject, WebSite",7,Article,100,,0,False,False,False,,
https://www.efax.com/blog/enterprise-information-management,200,True,FAQ,"WebPage, Person, Organization, FAQPage, BreadcrumbList, Article, ImageObject, WebSite",8,Article,100,,0,True,False,False,,
https://www.efax.com/blog/healthcare-data-governance-best-practices,200,True,Blog/Article,"WebPage, Person, Organization, BreadcrumbList, Article, ImageObject, WebSite",7,Article,100,,0,False,False,False,,
https://www.efax.com/blog/healthcare-interoperability-part-1-debating-the-role-of-apis-plus-fhir-s-semantic-problem,200,True,Blog/Article,"WebPage, Person, Organization, BreadcrumbList, Article, ImageObject, WebSite",7,Article,100,,0,False,True,False,,
https://www.efax.com/blog/healthcare-interoperability-part-2-information-blocking-and-preparing-for-broader-information-flow,200,True,Blog/Article,"WebPage, Person, Organization, BreadcrumbList, Article, ImageObject, WebSite",7,Article,100,,0,False,True,False,,
https://www.efax.com/blog/hipaa-compliant-fax,200,True,FAQ,"WebPage, Person, Organization, BreadcrumbList, Article, ImageObject, WebSite",7,Article,100,,0,True,False,False,FAQPage,FAQPage(Medium)
https://www.efax.com/blog/hey-smart-speaker-are-you-hipaa-compliant,200,True,Blog/Article,"WebPage, Person, Organization, BreadcrumbList, Article, ImageObject, WebSite",7,Article,100,,0,False,False,False,,
https://www.efax.com/blog/hipaa-fax-disclaimer,200,True,FAQ,"WebPage, Person, Organization, FAQPage, BreadcrumbList, Article, ImageObject, WebSite",8,Article,100,,0,True,False,False,,
https://www.efax.com/blog/new-healthcare-interoperability-solution-leverages-age-old-technology,200,True,Blog/Article,"WebPage, Person, Organization, BreadcrumbList, Article, ImageObject, WebSite",7,Article,100,,0,False,False,False,,
https://www.efax.com/blog/virtual-webinar-explores-hhs-proposed-changes-to-modify-hipaa-privacy-rule,200,True,Blog/Article,"WebPage, Person, Organization, BreadcrumbList, Article, ImageObject, WebSite",7,Article,100,,0,False,False,False,,
https://www.efax.com/blog/what-is-ehr-integration,200,True,FAQ,"WebPage, Person, Organization, FAQPage, BreadcrumbList, Article, ImageObject, WebSite",8,Article,100,,0,True,True,False,,
https://www.efax.com/blog/what-is-a-fax,200,True,Blog/Article,"WebPage, Person, Organization, FAQPage, BreadcrumbList, Article, ImageObject, WebSite",8,Article,100,,0,False,True,False,,
https://www.efax.com/blog/radiology-referral-leakage-ai-intake-solution,200,True,Blog/Article,"WebPage, Person, Organization, BreadcrumbList, Article, ImageObject, WebSite",7,Article,100,,0,False,True,False,,
https://www.efax.com/blog/fax-services-near-me,200,True,FAQ,"WebPage, Person, Organization, FAQPage, BreadcrumbList, Article, ImageObject, WebSite",8,Article,100,,0,True,True,False,,
https://www.efax.com/blog/one-big-beautiful-bill-act-healthcare-impact,200,True,Blog/Article,"WebPage, Person, Organization, BreadcrumbList, Article, ImageObject, WebSite",7,Article,100,,0,False,True,False,,
https://www.efax.com/blog/government-shutdown-workflow-disruptions-cloud-fax,200,True,Blog/Article,"WebPage, Person, Organization, BreadcrumbList, Article, ImageObject, WebSite",7,Article,100,,0,False,True,False,,
https://www.efax.com/wp-content/uploads/2025/12/logo-athenahealth-stacked-transparent-sm.png?nowprocket,200,True,Other,,0,None,0,,0,False,False,False,Organization,Organization(Low)
https://www.efax.com/blog/imaging-centers-beat-radiologist-shortage-idp,200,True,Blog/Article,"WebPage, Person, Organization, BreadcrumbList, Article, ImageObject, WebSite",7,Article,100,,0,False,True,False,,
https://www.efax.com/blog/hfma-tech-modernization-rural-health,200,True,Blog/Article,"WebPage, Person, Organization, BreadcrumbList, Article, ImageObject, WebSite",7,Article,100,,0,False,True,False,,
https://www.efax.com/blog/efax-integration-athenaone-chc-case-study,200,True,Blog/Article,"WebPage, Person, Organization, BreadcrumbList, Article, ImageObject, WebSite",7,Article,100,,0,False,True,False,,
https://www.efax.com/,200,True,Other,"WebPage, Organization, FAQPage, BreadcrumbList, ImageObject, WebSite",7,WebPage,100,,0,False,True,False,,
https://www.efax.com/rapidfax/patents,200,True,Other,"WebPage, Organization, BreadcrumbList, ImageObject, WebSite",5,WebPage,100,,0,False,False,False,,
https://www.efax.com/es,200,True,Other,"WebPage, Organization, BreadcrumbList, ImageObject, WebSite",5,WebPage,100,,0,False,False,False,,
https://www.efax.com/rapidfax/accessibility-statement,200,True,Other,"WebPage, Organization, BreadcrumbList, ImageObject, WebSite",5,WebPage,100,,0,False,False,False,,
https://www.efax.com/lp,200,True,Other,"WebPage, Organization, BreadcrumbList, ImageObject, WebSite",5,WebPage,100,,0,False,False,False,,
https://www.efax.com/fax/accessibility-statement,200,True,Other,"WebPage, Organization, BreadcrumbList, ImageObject, WebSite",5,WebPage,100,,0,False,False,False,,
https://www.efax.com/fax/patents,200,True,Other,"WebPage, Organization, BreadcrumbList, ImageObject, WebSite",5,WebPage,100,,0,False,False,False,,
https://www.efax.com/fax/faqs,200,True,FAQ,"WebPage, Organization, BreadcrumbList, ImageObject, WebSite",5,WebPage,100,,0,True,False,False,FAQPage,FAQPage(Medium)
https://www.efax.com/smartfax/privacy-policy,200,True,Other,"WebPage, Organization, BreadcrumbList, ImageObject, WebSite",5,WebPage,100,,0,False,True,False,,
https://www.efax.com/smartfax/faqs,200,True,FAQ,"WebPage, Organization, BreadcrumbList, ImageObject, WebSite",5,WebPage,100,,0,True,False,False,FAQPage,FAQPage(Medium)
https://www.efax.com/rapidfax/customer-agreement,200,True,Other,"WebPage, Organization, BreadcrumbList, ImageObject, WebSite",5,WebPage,100,,0,False,True,False,,
https://www.efax.com/rapidfax/faqs,200,True,FAQ,"WebPage, Organization, BreadcrumbList, ImageObject, WebSite",5,WebPage,100,,0,True,False,False,FAQPage,FAQPage(Medium)
https://www.efax.com/fax/privacy-policy,200,True,Other,"WebPage, Organization, BreadcrumbList, ImageObject, WebSite",5,WebPage,100,,0,False,True,False,,
https://www.efax.com/fax/customer-agreement,200,True,Other,"WebPage, Organization, BreadcrumbList, ImageObject, WebSite",5,WebPage,100,,0,False,True,False,,
https://www.efax.com/affiliate,200,True,Other,"WebPage, Organization, BreadcrumbList, ImageObject, WebSite",5,WebPage,100,,0,False,False,False,,
https://www.efax.com/international-fax-rates,200,True,Other,"WebPage, Organization, BreadcrumbList, ImageObject, WebSite",5,WebPage,100,,0,False,False,False,,
https://www.efax.com/efax-help-center/troubleshooting,200,True,Other,"WebPage, Organization, BreadcrumbList, ImageObject, WebSite",5,WebPage,100,,0,False,False,False,,
https://www.efax.com/fax/cancel,200,True,Other,"WebPage, Organization, BreadcrumbList, ImageObject, WebSite",5,WebPage,100,,0,False,False,False,,
https://www.efax.com/news-and-events,200,True,Other,"WebPage, Organization, BreadcrumbList, ImageObject, WebSite",5,WebPage,100,,0,False,False,False,,
https://www.efax.com/why-efax/cost-value,200,True,Other,"WebPage, Organization, BreadcrumbList, ImageObject, WebSite",5,WebPage,100,,0,False,True,False,,
https://www.efax.com/rapidfax/cancel,200,True,Other,"WebPage, Organization, BreadcrumbList, ImageObject, WebSite",5,WebPage,100,,0,False,False,False,,
https://www.efax.com/myportal-login-screen,200,True,Other,"WebPage, Organization, BreadcrumbList, ImageObject, WebSite",5,WebPage,100,,0,False,False,False,,
https://www.efax.com/why-efax/interoperability,200,True,Other,"WebPage, Organization, BreadcrumbList, ImageObject, WebSite",5,WebPage,100,,0,False,True,False,,
https://www.efax.com/partners,200,True,Other,"WebPage, Organization, BreadcrumbList, ImageObject, WebSite",5,WebPage,100,,0,False,True,False,,
https://www.efax.com/partners/aws,200,True,Other,"WebPage, Organization, BreadcrumbList, ImageObject, WebSite",5,WebPage,100,,0,False,False,False,,
https://www.efax.com/products,200,True,Other,"WebPage, Organization, BreadcrumbList, ImageObject, WebSite",5,WebPage,100,,0,False,False,False,,
https://www.efax.com/about-us,200,True,LocalBusiness/Info,"WebPage, Organization, BreadcrumbList, ImageObject, WebSite",5,WebPage,100,,0,False,False,False,,
https://www.efax.com/industry/large-business,200,True,Other,"WebPage, Organization, FAQPage, BreadcrumbList, ImageObject, WebSite",6,WebPage,100,,0,False,False,False,,
https://www.efax.com/industry/healthcare,200,True,Other,"WebPage, Organization, FAQPage, BreadcrumbList, ImageObject, WebSite",6,WebPage,100,,0,False,False,False,,
https://www.efax.com/industry/small-business,200,True,Other,"WebPage, Organization, FAQPage, BreadcrumbList, ImageObject, WebSite",6,WebPage,100,,0,False,False,False,,
https://www.efax.com/partners/healthcare,200,True,Other,"WebPage, Organization, BreadcrumbList, ImageObject, WebSite",5,WebPage,100,,0,False,True,False,,
https://www.efax.com/partners/marketplace,200,True,Other,"WebPage, Organization, BreadcrumbList, ImageObject, WebSite",5,WebPage,100,,0,False,False,False,,
https://www.efax.com/partners/saas-vendors,200,True,Other,"WebPage, Organization, BreadcrumbList, ImageObject, WebSite",5,WebPage,100,,0,False,True,False,,
https://www.efax.com/partners/service-providers,200,True,Other,"WebPage, Organization, BreadcrumbList, ImageObject, WebSite",5,WebPage,100,,0,False,False,False,,
https://www.efax.com/smartfax/customer-agreement,200,True,Other,"WebPage, Organization, BreadcrumbList, ImageObject, WebSite",5,WebPage,100,,0,False,True,False,,
https://www.efax.com/partners/ucaas-msp,200,True,Other,"WebPage, Organization, BreadcrumbList, ImageObject, WebSite",5,WebPage,100,,0,False,True,False,,
https://www.efax.com/partners/zoom,200,True,Other,"WebPage, Organization, BreadcrumbList, ImageObject, WebSite",5,WebPage,100,,0,False,False,False,,
https://www.efax.com/smartfax/accessibility-statement,200,True,Other,"WebPage, Organization, BreadcrumbList, ImageObject, WebSite",5,WebPage,100,,0,False,False,False,,
https://www.efax.com/smartfax/cancel,200,True,Other,"WebPage, Organization, BreadcrumbList, ImageObject, WebSite",5,WebPage,100,,0,False,False,False,,
https://www.efax.com/smartfax/patents,200,True,Other,"WebPage, Organization, BreadcrumbList, ImageObject, WebSite",5,WebPage,100,,0,False,False,False,,
https://www.efax.com/trustfax/accessibility-statement,200,True,Other,"WebPage, Organization, BreadcrumbList, ImageObject, WebSite",5,WebPage,100,,0,False,False,False,,
https://www.efax.com/trustfax/cancel,200,True,Other,"WebPage, Organization, BreadcrumbList, ImageObject, WebSite",5,WebPage,100,,0,False,False,False,,
https://www.efax.com/trustfax/customer-agreement,200,True,Other,"WebPage, Organization, BreadcrumbList, ImageObject, WebSite",5,WebPage,100,,0,False,True,False,,
https://www.efax.com/trustfax/faqs,200,True,FAQ,"WebPage, Organization, BreadcrumbList, ImageObject, WebSite",5,WebPage,100,,0,True,False,False,FAQPage,FAQPage(Medium)
https://www.efax.com/why-efax/customer-service,200,True,FAQ,"WebPage, Organization, BreadcrumbList, ImageObject, WebSite",5,WebPage,100,,0,True,False,False,FAQPage,FAQPage(Medium)
https://www.efax.com/trustfax/patents,200,True,Other,"WebPage, Organization, BreadcrumbList, ImageObject, WebSite",5,WebPage,100,,0,False,False,False,,
https://www.efax.com/send2fax/patents,200,True,Other,"WebPage, Organization, BreadcrumbList, ImageObject, WebSite",5,WebPage,100,,0,False,False,False,,
https://www.efax.com/send2fax/cancel,200,True,Other,"WebPage, Organization, BreadcrumbList, ImageObject, WebSite",5,WebPage,100,,0,False,False,False,,
https://www.efax.com/send2fax/faqs,200,True,FAQ,"WebPage, Organization, BreadcrumbList, ImageObject, WebSite",5,WebPage,100,,0,True,False,False,FAQPage,FAQPage(Medium)
https://www.efax.com/jconnect/legal,200,True,Other,"WebPage, Organization, BreadcrumbList, ImageObject, WebSite",5,WebPage,100,,0,False,False,False,,
https://www.efax.com/jconnect/customer-agreement,200,True,Other,"WebPage, Organization, BreadcrumbList, ImageObject, WebSite",5,WebPage,100,,0,False,True,False,,
https://www.efax.com/jconnect/privacy-policy,200,True,Other,"WebPage, Organization, BreadcrumbList, ImageObject, WebSite",5,WebPage,100,,0,False,True,False,,
https://www.efax.com/partners/white-label-fax-service,200,True,Other,"WebPage, Organization, BreadcrumbList, ImageObject, WebSite",5,WebPage,100,,0,False,False,False,,
https://www.efax.com/request-a-quote,200,True,Other,"WebPage, Organization, BreadcrumbList, ImageObject, WebSite",5,WebPage,100,,0,False,False,False,,
https://www.efax.com/products/consensus,200,True,Other,"WebPage, Organization, BreadcrumbList, ImageObject, WebSite",5,WebPage,100,,0,False,True,False,,
https://www.efax.com/industry/government,200,True,Other,"WebPage, Organization, FAQPage, BreadcrumbList, ImageObject, WebSite",6,WebPage,100,,0,False,False,False,,
https://www.efax.com/industry/real-estate,200,True,Other,"WebPage, Organization, FAQPage, BreadcrumbList, ImageObject, WebSite",6,WebPage,100,,0,False,False,False,,
https://www.efax.com/industry/consulting,200,True,Blog/Article,"WebPage, Organization, FAQPage, BreadcrumbList, ImageObject, WebSite",6,WebPage,100,,0,False,False,False,Article,Article(High)
https://www.efax.com/why-efax,200,True,Other,"WebPage, Organization, BreadcrumbList, ImageObject, WebSite",5,WebPage,100,,0,False,False,False,,
https://www.efax.com/fax-cover-sheets/simple-fax-cover-sheets,200,True,Other,"WebPage, Organization, FAQPage, BreadcrumbList, ImageObject, WebSite",6,WebPage,100,,0,False,False,False,,
https://www.efax.com/fax-cover-sheets/personal-fax-cover-sheets,200,True,Other,"WebPage, Organization, FAQPage, BreadcrumbList, ImageObject, WebSite",6,WebPage,100,,0,False,False,False,,
https://www.efax.com/fax-cover-sheets/business-fax-cover-sheets,200,True,Other,"WebPage, Organization, FAQPage, BreadcrumbList, ImageObject, WebSite",6,WebPage,100,,0,False,False,False,,
https://www.efax.com/fax-cover-sheets/confidential-fax-cover-sheets,200,True,Blog/Article,"WebPage, Organization, FAQPage, BreadcrumbList, ImageObject, WebSite",6,WebPage,100,,0,False,True,False,Article,Article(High)
https://www.efax.com/fax-cover-sheets/modern-fax-cover-sheets,200,True,Other,"WebPage, Organization, FAQPage, BreadcrumbList, ImageObject, WebSite",6,WebPage,100,,0,False,False,False,,
https://www.efax.com/industry/transportation,200,True,Other,"WebPage, Organization, FAQPage, BreadcrumbList, ImageObject, WebSite",6,WebPage,100,,0,False,True,False,,
https://www.efax.com/industry/legal,200,True,Other,"WebPage, Organization, FAQPage, BreadcrumbList, ImageObject, WebSite",6,WebPage,100,,0,False,False,False,,
https://www.efax.com/industry/manufacturing,200,True,FAQ,"WebPage, Organization, FAQPage, BreadcrumbList, ImageObject, WebSite",6,WebPage,100,,0,True,True,False,,
https://www.efax.com/industry/finance,200,True,Other,"WebPage, Organization, FAQPage, BreadcrumbList, ImageObject, WebSite",6,WebPage,100,,0,False,False,False,,
https://www.efax.com/why-efax/reliability,200,True,Other,"WebPage, Organization, BreadcrumbList, ImageObject, WebSite",5,WebPage,100,,0,False,True,False,,
https://www.efax.com/industry/retail,200,True,Blog/Article,"WebPage, Organization, FAQPage, BreadcrumbList, ImageObject, WebSite",6,WebPage,100,,0,False,True,False,Article,Article(High)
https://www.efax.com/efax-help-center,200,True,FAQ,"WebPage, Organization, FAQPage, BreadcrumbList, ImageObject, WebSite",6,WebPage,100,,0,True,False,False,,
https://www.efax.com/industry/insurance,200,True,Other,"WebPage, Organization, FAQPage, BreadcrumbList, ImageObject, WebSite",6,WebPage,100,,0,False,True,False,,
https://www.efax.com/products/corporate,200,True,FAQ,"WebPage, Organization, FAQPage, BreadcrumbList, Product, ImageObject, WebSite",7,WebPage,100,,0,True,False,False,,
https://www.efax.com/products/fax-api,200,True,Other,"WebPage, Organization, FAQPage, BreadcrumbList, Product, ImageObject, WebSite",7,WebPage,98.57,Product: Missing required property: image,1,False,True,False,,
https://www.efax.com/products/ecfax,200,True,Other,"WebPage, Organization, BreadcrumbList, Product, ImageObject, WebSite",6,WebPage,98.33,Product: Missing required property: image,1,False,False,False,,
https://www.efax.com/products/jsign,200,True,Other,"WebPage, Organization, BreadcrumbList, Product, ImageObject, WebSite",6,WebPage,98.33,Product: Missing required property: image,1,False,False,False,,
https://www.efax.com/industry/education,200,True,Blog/Article,"WebPage, Organization, FAQPage, BreadcrumbList, ImageObject, WebSite",6,WebPage,100,,0,False,True,False,Article,Article(High)
https://www.efax.com/app-download,403,False,Unknown,,0,None,0,,0,False,False,False,,
https://www.efax.com/industry,200,True,Other,"WebPage, Organization, BreadcrumbList, ImageObject, WebSite",5,WebPage,100,,0,False,False,False,,
https://www.efax.com/products/unite,200,True,Other,"WebPage, Organization, BreadcrumbList, Product, ImageObject, WebSite",6,WebPage,98.33,Product: Missing required property: image,1,False,True,False,,
https://www.efax.com/fax,200,True,Other,"WebPage, Organization, BreadcrumbList, ImageObject, WebSite",5,WebPage,100,,0,False,False,False,,
https://www.efax.com/smartfax,200,True,Other,"WebPage, Organization, BreadcrumbList, ImageObject, WebSite",5,WebPage,100,,0,False,False,False,,
https://www.efax.com/industry/midsize-company,200,True,Other,"WebPage, Organization, FAQPage, BreadcrumbList, ImageObject, WebSite",6,WebPage,100,,0,False,False,False,,
https://www.efax.com/rapidfax,200,True,Other,"WebPage, Organization, BreadcrumbList, ImageObject, WebSite",5,WebPage,100,,0,False,False,False,,
https://www.efax.com/faxdocument,200,True,Other,"WebPage, Organization, BreadcrumbList, ImageObject, WebSite",5,WebPage,100,,0,False,False,False,,
https://www.efax.com/trustfax,200,True,Other,"WebPage, Organization, BreadcrumbList, ImageObject, WebSite",5,WebPage,100,,0,False,False,False,,
https://www.efax.com/jconnect,200,True,Other,"WebPage, Organization, BreadcrumbList, ImageObject, WebSite",5,WebPage,100,,0,False,False,False,,
https://www.efax.com/fax-cover-sheets,200,True,Other,"WebPage, Organization, FAQPage, BreadcrumbList, ImageObject, WebSite",6,WebPage,100,,0,False,False,False,,
https://www.efax.com/contact,200,True,LocalBusiness/Info,"ContactPage, WebPage, Organization, BreadcrumbList, ImageObject, WebSite",6,WebPage,100,,0,False,False,False,,
https://www.efax.com/how-to,200,True,Other,"WebPage, Organization, BreadcrumbList, ImageObject, WebSite",5,WebPage,100,,0,False,True,False,,
https://www.efax.com/legal,200,True,Other,"WebPage, Organization, BreadcrumbList, ImageObject, WebSite",5,WebPage,100,,0,False,True,False,,
https://www.efax.com/trustfax/privacy-policy,200,True,Other,"WebPage, Organization, BreadcrumbList, ImageObject, WebSite",5,WebPage,100,,0,False,True,False,,
https://www.efax.com/rapidfax/privacy,200,True,Other,"WebPage, Organization, BreadcrumbList, ImageObject, WebSite",5,WebPage,100,,0,False,True,False,,
https://www.efax.com/efax-help-center/getting-started,200,True,Other,"WebPage, Organization, FAQPage, BreadcrumbList, ImageObject, WebSite",6,WebPage,100,,0,False,False,False,,
https://www.efax.com/events,200,True,Other,"WebPage, Organization, BreadcrumbList, ImageObject, WebSite",5,WebPage,100,,0,False,False,False,,
https://www.efax.com/pricing,403,False,Unknown,,0,None,0,,0,False,False,False,,
https://www.efax.com/efax-help-center/billing,200,True,Other,"WebPage, Organization, BreadcrumbList, ImageObject, WebSite",5,WebPage,100,,0,False,False,False,,
https://www.efax.com/efax-help-center/account-settings,200,True,Other,"WebPage, Organization, BreadcrumbList, ImageObject, WebSite",5,WebPage,100,,0,False,False,False,,
https://www.efax.com/fax-cover-sheets/hipaa-fax-cover-sheets,200,True,Blog/Article,"WebPage, Organization, FAQPage, BreadcrumbList, ImageObject, WebSite",6,WebPage,100,,0,False,False,False,Article,Article(High)
https://www.efax.com/efax-help-center/message-center,200,True,Other,"WebPage, Organization, BreadcrumbList, ImageObject, WebSite",5,WebPage,100,,0,False,False,False,,
https://www.efax.com/how-it-works,200,True,Other,"WebPage, Organization, FAQPage, BreadcrumbList, ImageObject, WebSite",6,WebPage,100,,0,False,False,False,,
https://www.efax.com/news,200,True,Blog/Article,"WebPage, Organization, BreadcrumbList, ImageObject, WebSite",5,WebPage,100,,0,False,False,False,Article,Article(High)
https://www.efax.com/products/cloud-faxing,200,True,Other,"WebPage, Organization, BreadcrumbList, ImageObject, WebSite",5,WebPage,100,,0,False,False,False,,
https://www.efax.com/products/clarity,200,True,Other,"WebPage, Organization, BreadcrumbList, Product, ImageObject, WebSite",6,WebPage,100,,0,False,True,False,,
https://www.efax.com/free-fax,200,True,Other,"WebPage, HowTo, Organization, FAQPage, BreadcrumbList, Product, ImageObject, WebSite",10,WebPage,100,,0,False,False,False,,
https://www.efax.com/partners/athenahealth,200,True,Other,"WebPage, Organization, BreadcrumbList, ImageObject, WebSite",5,WebPage,100,,0,False,False,False,,
https://www.efax.com/reviews,200,True,Other,"WebPage, Organization, BreadcrumbList, ImageObject, WebSite, SoftwareApplication",9,WebPage,100,,0,False,True,False,,
https://www.efax.com/hipaa-compliance,200,True,Other,"WebPage, Organization, BreadcrumbList, ImageObject, WebSite",5,WebPage,100,,0,False,False,False,,
https://www.efax.com/partners/become-a-partner,200,True,Other,"WebPage, Organization, BreadcrumbList, ImageObject, WebSite",5,WebPage,100,,0,False,False,False,,
https://www.efax.com/features,200,True,Other,"WebPage, Organization, BreadcrumbList, ImageObject, WebSite",5,WebPage,100,,0,False,False,False,,
https://www.efax.com/blog,200,True,Blog/Article,"WebPage, Organization, BreadcrumbList, ImageObject, WebSite",5,WebPage,100,,0,False,False,False,Article,Article(High)
https://www.efax.com/fax-near-me,200,True,Blog/Article,"Organization, CollectionPage, WebSite, BreadcrumbList",4,CollectionPage,100,,0,False,False,False,Article,Article(High)
https://www.efax.com/fax-near-me/fax-near-me-test-first,200,True,Other,"WebSite, Organization, WebPage, BreadcrumbList",4,WebPage,100,,0,False,False,False,,
https://www.efax.com/fax-near-me/fax-near-me-test-second,200,True,Other,"WebSite, Organization, WebPage, BreadcrumbList",4,WebPage,100,,0,False,False,False,,
https://www.efax.com/features/reducing-compliance-risk,200,True,Other,"WebPage, Organization, FAQPage, BreadcrumbList, ImageObject, WebSite",6,WebPage,100,,0,False,False,False,,
https://www.efax.com/features/security-audits,200,True,Other,"WebPage, Organization, FAQPage, BreadcrumbList, ImageObject, WebSite",6,WebPage,100,,0,False,False,False,,
https://www.efax.com/features/secure-messaging,200,True,Other,"WebPage, Organization, FAQPage, BreadcrumbList, ImageObject, WebSite",6,WebPage,100,,0,False,False,False,,
https://www.efax.com/features/large-file-transfer,200,True,Blog/Article,"WebPage, Organization, FAQPage, BreadcrumbList, ImageObject, WebSite",6,WebPage,100,,0,False,True,False,Article,Article(High)
https://www.efax.com/features/administration,200,True,Other,"WebPage, Organization, BreadcrumbList, ImageObject, WebSite",5,WebPage,100,,0,False,False,False,,
https://www.efax.com/features/digital-transformation,200,True,Other,"WebPage, Organization, FAQPage, BreadcrumbList, ImageObject, WebSite",6,WebPage,100,,0,False,False,False,,
https://www.efax.com/features/mfd-integrate,200,True,Other,"WebPage, Organization, BreadcrumbList, ImageObject, WebSite",5,WebPage,100,,0,False,False,False,,
https://www.efax.com/features/sap-connector,200,True,Other,"WebPage, Organization, BreadcrumbList, ImageObject, WebSite",5,WebPage,100,,0,False,True,False,,
https://www.efax.com/features/secure-storage,200,True,Other,"WebPage, Organization, FAQPage, BreadcrumbList, ImageObject, WebSite",6,WebPage,100,,0,False,True,False,,
https://www.efax.com/features/numbers-management,200,True,Other,"WebPage, Organization, BreadcrumbList, ImageObject, WebSite",5,WebPage,100,,0,False,False,False,,
https://www.efax.com/features/electronic-record-keeping,200,True,Other,"WebPage, Organization, FAQPage, BreadcrumbList, ImageObject, WebSite",6,WebPage,100,,0,False,False,False,,
https://www.efax.com/features/components,200,True,Other,"WebPage, Organization, BreadcrumbList, ImageObject, WebSite",5,WebPage,100,,0,False,False,False,,
https://www.efax.com/features/toll-free-numbers,200,True,Other,"WebPage, Organization, FAQPage, BreadcrumbList, ImageObject, WebSite",6,WebPage,100,,0,False,False,False,,
https://www.efax.com/features/efax-mobile-app,200,True,Other,"WebPage, Organization, FAQPage, BreadcrumbList, ImageObject, WebSite",6,WebPage,100,,0,False,True,False,,
https://www.efax.com/features/port-fax-number,200,True,Other,"WebPage, Organization, FAQPage, BreadcrumbList, ImageObject, WebSite",6,WebPage,100,,0,False,False,False,,
https://www.efax.com/features/international-fax-number,200,True,FAQ,"WebPage, Organization, FAQPage, BreadcrumbList, ImageObject, WebSite",6,WebPage,100,,0,True,False,False,,
https://www.efax.com/features/electronic-signature,200,True,FAQ,"WebPage, Organization, FAQPage, BreadcrumbList, ImageObject, WebSite",6,WebPage,100,,0,True,False,False,,
https://www.efax.com/features/router,200,True,Other,"WebPage, Organization, BreadcrumbList, ImageObject, WebSite",5,WebPage,100,,0,False,False,False,,
https://www.efax.com/features/security,200,True,Other,"WebPage, Organization, BreadcrumbList, ImageObject, WebSite",5,WebPage,100,,0,False,False,False,,
https://www.efax.com/features/online-storage,200,True,Other,"WebPage, Organization, BreadcrumbList, ImageObject, WebSite",5,WebPage,100,,0,False,False,False,,
https://www.efax.com/features/large-file-sharing,200,True,Other,"WebPage, Organization, BreadcrumbList, ImageObject, WebSite",5,WebPage,100,,0,False,True,False,,
https://www.efax.com/features/compliance,200,True,Other,"WebPage, Organization, FAQPage, BreadcrumbList, ImageObject, WebSite",6,WebPage,100,,0,False,False,False,,
https://www.efax.com/features/efax-messenger,200,True,Other,"VideoObject, WebPage, Organization, FAQPage, BreadcrumbList, ImageObject, WebSite",7,WebPage,100,,0,False,False,False,,
https://www.efax.com/how-to/cancel,200,True,Other,"WebPage, Organization, FAQPage, BreadcrumbList, ImageObject, WebSite",6,WebPage,100,,0,False,False,False,,
https://www.efax.com/features/local-fax-number,200,True,Other,"WebPage, HowTo, Organization, FAQPage, BreadcrumbList, ImageObject, WebSite",7,WebPage,100,,0,False,False,False,,
https://www.efax.com/how-to/fax-from-iphone-using-notes,200,True,Other,"WebPage, HowTo, Organization, FAQPage, BreadcrumbList, ImageObject, WebSite",7,WebPage,100,,0,False,False,False,,
https://www.efax.com/how-to/fax-a-jpeg,200,True,Other,"WebPage, HowTo, Organization, FAQPage, BreadcrumbList, ImageObject, WebSite",7,WebPage,100,,0,False,True,False,,
https://www.efax.com/how-to/fax-multiple-pages,200,True,Other,"WebPage, Organization, FAQPage, BreadcrumbList, ImageObject, WebSite",6,WebPage,100,,0,False,False,False,,
https://www.efax.com/how-to/fax-prescription-to-pharmacy,200,True,Blog/Article,"WebPage, Organization, FAQPage, BreadcrumbList, ImageObject, WebSite",6,WebPage,100,,0,False,False,False,Article,Article(High)
https://www.efax.com/how-to/get-a-fax-number,200,True,Other,"WebPage, Organization, FAQPage, BreadcrumbList, ImageObject, WebSite",6,WebPage,100,,0,False,True,False,,
https://www.efax.com/how-to/fax-a-word-document,200,True,Other,"WebPage, HowTo, Organization, FAQPage, BreadcrumbList, ImageObject, WebSite",7,WebPage,100,,0,False,True,False,,
https://www.efax.com/how-to/fax-medical-records,200,True,Blog/Article,"WebPage, Organization, FAQPage, BreadcrumbList, ImageObject, WebSite",6,WebPage,100,,0,False,False,False,Article,Article(High)
https://www.efax.com/how-to/windows-fax-and-scan,200,True,Other,"WebPage, HowTo, Organization, FAQPage, BreadcrumbList, ImageObject, WebSite",7,WebPage,100,,0,False,True,False,,
https://www.efax.com/how-to/send-a-test-fax-online,200,True,FAQ,"WebPage, Organization, FAQPage, BreadcrumbList, ImageObject, WebSite",6,WebPage,100,,0,True,False,False,,
https://www.efax.com/how-to/adobe-fax,200,True,Other,"WebPage, Organization, BreadcrumbList, ImageObject, WebSite",5,WebPage,100,,0,False,False,False,,
https://www.efax.com/how-to/fax-broadcast,200,True,Other,"WebPage, HowTo, Organization, FAQPage, BreadcrumbList, ImageObject, WebSite",7,WebPage,100,,0,False,False,False,,
https://www.efax.com/how-to/scan-to-fax,200,True,Other,"WebPage, Organization, FAQPage, BreadcrumbList, ImageObject, WebSite",6,WebPage,100,,0,False,False,False,,
https://www.efax.com/how-to/fax-specialized-irs-tax-forms,200,True,Other,"WebPage, Organization, FAQPage, BreadcrumbList, ImageObject, WebSite",6,WebPage,100,,0,False,True,False,,
https://www.efax.com/how-to/fax-irs-forms,200,True,Other,"WebPage, HowTo, Organization, FAQPage, BreadcrumbList, ImageObject, WebSite",7,WebPage,100,,0,False,False,False,,
https://www.efax.com/how-to/sign-a-pdf,200,True,Other,"WebPage, HowTo, Organization, FAQPage, BreadcrumbList, ImageObject, WebSite",7,WebPage,100,,0,False,False,False,,
https://www.efax.com/how-to/fax-authorization-and-representation-irs-tax-forms,200,True,Other,"WebPage, Organization, FAQPage, BreadcrumbList, ImageObject, WebSite",6,WebPage,100,,0,False,False,False,,
https://www.efax.com/how-to/fax-individual-irs-tax-forms,200,True,Other,"WebPage, HowTo, Organization, FAQPage, BreadcrumbList, ImageObject, WebSite",7,WebPage,100,,0,False,False,False,,
https://www.efax.com/how-to/fax-business-irs-tax-forms,200,True,Other,"WebPage, Organization, FAQPage, BreadcrumbList, ImageObject, WebSite",6,WebPage,100,,0,False,False,False,,
https://www.efax.com/how-to/send-faxes-online,200,True,Other,"WebPage, HowTo, Organization, FAQPage, BreadcrumbList, ImageObject, WebSite",7,WebPage,100,,0,False,False,False,,
https://www.efax.com/how-to/google-fax,200,True,Other,"WebPage, HowTo, Organization, FAQPage, BreadcrumbList, ImageObject, WebSite",7,WebPage,100,,0,False,True,False,,
https://www.efax.com/how-to/fax-without-a-fax-machine,200,True,Other,"WebPage, HowTo, Organization, FAQPage, BreadcrumbList, ImageObject, WebSite",7,WebPage,100,,0,False,False,False,,
https://www.efax.com/how-to/receive-faxes-by-email,200,True,Other,"WebPage, HowTo, Organization, FAQPage, BreadcrumbList, ImageObject, WebSite",7,WebPage,100,,0,False,False,False,,
https://www.efax.com/how-to/receive-faxes-online,200,True,Other,"WebPage, HowTo, Organization, FAQPage, BreadcrumbList, ImageObject, WebSite",7,WebPage,100,,0,False,True,False,,
https://www.efax.com/how-to/fax-with-google-docs-google-drive,200,True,Other,"WebPage, HowTo, Organization, FAQPage, BreadcrumbList, ImageObject, WebSite",7,WebPage,100,,0,False,True,False,,
https://www.efax.com/how-to/fax-from-office-365,200,True,Other,"WebPage, HowTo, Organization, FAQPage, BreadcrumbList, ImageObject, WebSite",7,WebPage,100,,0,False,True,False,,
https://www.efax.com/how-to/send-fax-from-outlook,200,True,Other,"WebPage, HowTo, Organization, FAQPage, BreadcrumbList, ImageObject, WebSite",7,WebPage,100,,0,False,False,False,,
https://www.efax.com/how-to/fax-wirelessly,200,True,Other,"WebPage, HowTo, Organization, FAQPage, BreadcrumbList, ImageObject, WebSite",7,WebPage,100,,0,False,False,False,,
https://www.efax.com/how-to/send-fax-from-yahoo,200,True,Other,"WebPage, HowTo, Organization, FAQPage, BreadcrumbList, ImageObject, WebSite",7,WebPage,100,,0,False,False,False,,
https://www.efax.com/how-to/fax-form-2553-a-guide-for-small-businesses,200,True,Other,"WebPage, Organization, FAQPage, BreadcrumbList, ImageObject, WebSite",6,WebPage,100,,0,False,False,False,,
https://www.efax.com/how-to/fax-your-senator-or-representative,200,True,Other,"WebPage, HowTo, Organization, FAQPage, BreadcrumbList, ImageObject, WebSite",7,WebPage,100,,0,False,False,False,,
https://www.efax.com/how-to/fax-with-a-canon-printer,200,True,Other,"WebPage, HowTo, Organization, FAQPage, BreadcrumbList, ImageObject, WebSite",7,WebPage,100,,0,False,True,False,,
https://www.efax.com/how-to/fax-with-a-brother-printer,200,True,Other,"WebPage, Organization, FAQPage, BreadcrumbList, ImageObject, WebSite",6,WebPage,100,,0,False,False,False,,
https://www.efax.com/how-to/fax-from-a-printer,200,True,Other,"WebPage, HowTo, Organization, FAQPage, BreadcrumbList, ImageObject, WebSite",7,WebPage,100,,0,False,False,False,,
https://www.efax.com/how-to/how-fax-machines-work,200,True,Other,"WebPage, HowTo, Organization, FAQPage, BreadcrumbList, ImageObject, WebSite",7,WebPage,100,,0,False,True,False,,
https://www.efax.com/how-to/scan-and-fax-from-iphone,200,True,Blog/Article,"WebPage, HowTo, Organization, FAQPage, BreadcrumbList, ImageObject, WebSite",7,WebPage,100,,0,False,False,False,Article,Article(High)
https://www.efax.com/how-to/fax-from-computer,200,True,Other,"WebPage, HowTo, Organization, FAQPage, BreadcrumbList, ImageObject, WebSite",7,WebPage,100,,0,False,False,False,,
https://www.efax.com/how-to/fax-from-scanner,200,True,Other,"WebPage, HowTo, Organization, FAQPage, BreadcrumbList, ImageObject, WebSite",7,WebPage,100,,0,False,False,False,,
https://www.efax.com/how-to/fax-without-a-phone-line,200,True,Blog/Article,"WebPage, HowTo, Organization, FAQPage, BreadcrumbList, ImageObject, WebSite",7,WebPage,100,,0,False,True,False,Article,Article(High)
https://www.efax.com/how-to/fax-from-iphone,200,True,Other,"WebPage, HowTo, Organization, FAQPage, BreadcrumbList, ImageObject, WebSite",7,WebPage,100,,0,False,False,False,,
https://www.efax.com/how-to/fax-from-a-mac,200,True,Other,"WebPage, HowTo, Organization, FAQPage, BreadcrumbList, ImageObject, WebSite",7,WebPage,100,,0,False,False,False,,
https://www.efax.com/how-to/fax-a-pdf,200,True,Other,"WebPage, HowTo, Organization, FAQPage, BreadcrumbList, ImageObject, WebSite",7,WebPage,100,,0,False,True,False,,
https://www.efax.com/how-to/fax-from-windows,200,True,Other,"WebPage, HowTo, Organization, FAQPage, BreadcrumbList, ImageObject, WebSite",7,WebPage,100,,0,False,True,False,,
https://www.efax.com/how-to/send-a-fax-by-email,200,True,Other,"WebPage, HowTo, Organization, FAQPage, BreadcrumbList, ImageObject, WebSite",7,WebPage,100,,0,False,False,False,,
https://www.efax.com/how-to/fax-from-phone,200,True,Other,"WebPage, HowTo, Organization, FAQPage, BreadcrumbList, ImageObject, WebSite",7,WebPage,100,,0,False,True,False,,
https://www.efax.com/how-to/android-mobile-app,200,True,Other,"WebPage, HowTo, Organization, FAQPage, BreadcrumbList, ImageObject, WebSite",7,WebPage,100,,0,False,False,False,,
https://www.efax.com/how-to/use-a-fax-machine,200,True,Blog/Article,"WebPage, HowTo, Organization, FAQPage, BreadcrumbList, ImageObject, WebSite",8,WebPage,100,,0,False,False,False,Article,Article(High)
https://www.efax.com/news/bolstering-referral-management-with-a-streamlined-approach-using-digital-ai-powered-fax,200,True,Other,"WebPage, Organization, BreadcrumbList, ImageObject, WebSite",5,WebPage,100,,0,False,False,False,,
https://www.efax.com/how-to/send-fax-from-gmail,200,True,Other,"WebPage, HowTo, Organization, FAQPage, BreadcrumbList, ImageObject, WebSite",7,WebPage,100,,0,False,False,False,,
https://www.efax.com/news/health-equity-depends-on-pragmatic-tech-for-healthcares-digital-have-nots,200,True,Other,"WebPage, Organization, BreadcrumbList, ImageObject, WebSite",5,WebPage,100,,0,False,False,False,,
https://www.efax.com/news/practical-solutions-for-advancing-tech-equity-in-behavioral-health,200,True,Other,"WebPage, Organization, BreadcrumbList, ImageObject, WebSite",5,WebPage,100,,0,False,False,False,,
https://www.efax.com/news/scott-turicchi-of-consensus-five-things-i-wish-someone-told-me-before-i-became-a-ceo,200,True,Other,"WebPage, Organization, BreadcrumbList, ImageObject, WebSite",5,WebPage,100,,0,False,False,False,,
https://www.efax.com/news/how-data-extraction-artificial-intelligence-is-helping-to-alleviate-health-care-worker-burnout-staffing-shortages,200,True,Other,"WebPage, Organization, BreadcrumbList, ImageObject, WebSite",5,WebPage,100,,0,False,False,False,,
https://www.efax.com/news/learning-to-love-fax-again-courtesy-of-ai,200,True,Other,"WebPage, Organization, BreadcrumbList, ImageObject, WebSite",5,WebPage,100,,0,False,False,False,,
https://www.efax.com/news/a-lot-of-uncompensated-care-looms-for-nursing-homes-amid-medicaid-cuts-stricter-medicare-advantage-oversight,200,True,Other,"WebPage, Organization, BreadcrumbList, ImageObject, WebSite",5,WebPage,100,,0,False,False,False,,
https://www.efax.com/news/how-one-health-system-bet-on-the-cloud-and-strengthened-its-capacity-for-growth,200,True,Other,"WebPage, Organization, BreadcrumbList, ImageObject, WebSite",5,WebPage,100,,0,False,False,False,,
https://www.efax.com/news/unstructured-data-crisis-how-ai-solves-healthcares-biggest-interoperability-challenge,200,True,Other,"WebPage, Organization, BreadcrumbList, ImageObject, WebSite",5,WebPage,100,,0,False,False,False,,
https://www.efax.com/news/the-health-care-blog-bevey-miner-consensus-cloud-solutions-podcast,200,True,Other,"WebPage, Organization, BreadcrumbList, ImageObject, WebSite",5,WebPage,100,,0,False,False,False,,
https://www.efax.com/news/from-expensive-disparities-to-economic-opportunities-the-business-case-for-health-equity,200,True,Other,"WebPage, Organization, BreadcrumbList, ImageObject, WebSite",5,WebPage,100,,0,False,False,False,,
https://www.efax.com/news/medical-economics-making-the-right-decisions-around-health-care-ai-insights-for-driving-results,200,True,Other,"WebPage, Organization, BreadcrumbList, ImageObject, WebSite",5,WebPage,100,,0,False,False,False,,
https://www.efax.com/news/medcity-news-making-bigger-moves-for-digital-transformation-3-insights,200,True,Other,"WebPage, Organization, BreadcrumbList, ImageObject, WebSite",5,WebPage,100,,0,False,False,False,,
https://www.efax.com/news/mhe-winning-the-healthcare-workforce-battle-will-depend-on-ai,200,True,Other,"WebPage, Organization, BreadcrumbList, ImageObject, WebSite",5,WebPage,100,,0,False,False,False,,
https://www.efax.com/news/closing-the-last-mile-in-healthcare-data-exchange,200,True,Other,"WebPage, Organization, BreadcrumbList, ImageObject, WebSite",5,WebPage,100,,0,False,False,False,,
https://www.efax.com/news/keys-to-successful-ai-adoption-with-jeffrey-sullivan-chief-technology-officer-at-consensus-cloud-solutions,200,True,Other,"WebPage, Organization, BreadcrumbList, ImageObject, WebSite",5,WebPage,100,,0,False,False,False,,
https://www.efax.com/news/cutting-through-the-ai-hype-deploying-ai-now-to-improve-patient-care,200,True,Other,"WebPage, Organization, BreadcrumbList, ImageObject, WebSite",5,WebPage,100,,0,False,False,False,,
https://www.efax.com/news/medical-economics-healthcare-vulerabilities,200,True,Other,"WebPage, Organization, BreadcrumbList, ImageObject, WebSite",5,WebPage,100,,0,False,False,False,,
https://www.efax.com/news/himss-2024-what-do-vendors-or-providers-need-to-do-differently-in-the-wake-of-the-change-healthcare-outage,200,True,Other,"WebPage, Organization, BreadcrumbList, ImageObject, WebSite",5,WebPage,100,,0,False,False,False,,
https://www.efax.com/news/consensus-cloud-solutions-celebrates-the-evolution-of-efax-and-leadership-in-digital-cloud-fax-technology,200,True,Other,"WebPage, Organization, BreadcrumbList, ImageObject, WebSite",5,WebPage,100,,0,False,True,False,,
https://www.efax.com/news/consensus-cloud-solutions-offers-free-efax-protect-to-aid-texas-flood-victims-with-secure-mobile-faxing,200,True,Other,"WebPage, Organization, BreadcrumbList, ImageObject, WebSite",5,WebPage,100,,0,False,False,False,,
https://www.efax.com/news/to-advance-health-equity-we-must-stop-shaming-fax,200,True,Other,"WebPage, Organization, BreadcrumbList, ImageObject, WebSite",5,WebPage,100,,0,False,False,False,,
https://www.efax.com/news/developing-a-game-plan-for-ai-investment-that-drives-roi,200,True,Other,"WebPage, Organization, BreadcrumbList, ImageObject, WebSite",5,WebPage,100,,0,False,False,False,,
https://www.efax.com/news/100-women-in-health-it-to-know-2025,200,True,Other,"WebPage, Organization, BreadcrumbList, ImageObject, WebSite",5,WebPage,100,,0,False,False,False,,
https://www.efax.com/news/slice-of-healthcare-podcast,200,True,Other,"WebPage, Organization, BreadcrumbList, ImageObject, WebSite",5,WebPage,100,,0,False,False,False,,
https://www.efax.com/news/healthcare-for-humans-podcast-the-hidden-equity-gap,200,True,Other,"WebPage, Organization, BreadcrumbList, ImageObject, WebSite",5,WebPage,100,,0,False,False,False,,
https://www.efax.com/news/beyond-fhir-why-true-healthcare-interoperability-needs-ai,200,True,Other,"WebPage, Organization, BreadcrumbList, ImageObject, WebSite",5,WebPage,100,,0,False,False,False,,
https://www.efax.com/news/consensus-cloud-solutions-named-a-leader-in-the-2024-idc-marketscape-for-worldwide-digital-fax,200,True,Other,"WebPage, Organization, BreadcrumbList, ImageObject, WebSite",5,WebPage,100,,0,False,False,False,,
https://www.efax.com/news/achieving-digital-maturity-doesnt-mean-leaving-fax-behind,200,True,Other,"WebPage, Organization, BreadcrumbList, ImageObject, WebSite",5,WebPage,100,,0,False,False,False,,
https://www.efax.com/news/ccsi-offers-free-efax-protect-a-secure-mobile-cloud-faxing-solution-to-the-la-community-impacted-by-wildfires,200,True,Other,"WebPage, Organization, BreadcrumbList, ImageObject, WebSite",5,WebPage,100,,0,False,False,False,,
https://www.efax.com/news/news-you-can-use-podcast-bevey-miner-and-neal-quinn,200,True,Other,"WebPage, Organization, BreadcrumbList, ImageObject, WebSite",5,WebPage,100,,0,False,False,False,,
https://www.efax.com/news/sabrina-runbeck-podcast-why-data-efficiency-is-the-next-big-bet-in-healthtech,200,True,Other,"WebPage, Organization, BreadcrumbList, ImageObject, WebSite",5,WebPage,100,,0,False,False,False,,
https://www.efax.com/news/helping-health-cares-digital-have-nots-bridge-the-digital-divide,200,True,Other,"WebPage, Organization, BreadcrumbList, ImageObject, WebSite",5,WebPage,100,,0,False,False,False,,
https://www.efax.com/news/hcn-the-tate-chronicles-jeffrey-sullivan-and-russell-teague,200,True,Other,"WebPage, Organization, BreadcrumbList, ImageObject, WebSite",5,WebPage,100,,0,False,False,False,,
https://www.efax.com/news/theres-value-to-generative-ai-in-healthcare-if-leaders-understand-its-limits,200,True,Other,"WebPage, Organization, BreadcrumbList, ImageObject, WebSite",5,WebPage,100,,0,False,False,False,,
https://www.efax.com/news/beyond-the-buzzwords-leveraging-ai-to-improve-existing-technologies,200,True,Other,"WebPage, Organization, BreadcrumbList, ImageObject, WebSite",5,WebPage,100,,0,False,False,False,,
https://www.efax.com/news/consensus-cloud-solutions-recognized-among-top-healthcare-technology-companies,200,True,Other,"WebPage, Organization, BreadcrumbList, ImageObject, WebSite",5,WebPage,100,,0,False,False,False,,
https://www.efax.com/news/directtrust-working-on-new-faxing-standard-for-secure-interoperability,200,True,Other,"WebPage, Organization, BreadcrumbList, ImageObject, WebSite",5,WebPage,100,,0,False,False,False,,
https://www.efax.com/news/efax-earns-spot-on-g2s-2025-best-software-awards-for-healthcare-software-products,200,True,Other,"WebPage, Organization, BreadcrumbList, ImageObject, WebSite",5,WebPage,100,,0,False,False,False,,
https://www.efax.com/news/consensus-cloud-solutions-to-showcase-ai-powered-solutions-transforming-healthcare-interoperability-at-himss25,200,True,Other,"WebPage, Organization, BreadcrumbList, ImageObject, WebSite",5,WebPage,100,,0,False,False,False,,
https://www.efax.com/news/consensus-cloud-solutions-to-demonstrate-how-ai-powered-fax-solutions-bridge-healthcares-digital-divide-at-vive-2025,200,True,Other,"WebPage, Organization, BreadcrumbList, ImageObject, WebSite",5,WebPage,100,,0,False,False,False,,
https://www.efax.com/news/consensus-cloud-solutions-recognized-among-top-100-healthcare-technology-companies-by-the-healthcare-technology-report,200,True,Other,"WebPage, Organization, BreadcrumbList, ImageObject, WebSite",5,WebPage,100,,0,False,False,False,,
https://www.efax.com/news/ccsi-olah-healthcare-technology-partnership,200,True,Other,"WebPage, Organization, BreadcrumbList, ImageObject, WebSite",5,WebPage,100,,0,False,True,False,,
https://www.efax.com/news/consensus-cloud-solutions-receives-2024-cso-award-from-foundrys-cso,200,True,Other,"WebPage, Organization, BreadcrumbList, ImageObject, WebSite",5,WebPage,100,,0,False,True,False,,
https://www.efax.com/news/jeffrey-sullivan-cto-of-consensus-cloud-solutions-elected-chair-of-directtrusts-interoperable-secure-cloud-fax-consensus-body,200,True,Other,"WebPage, Organization, BreadcrumbList, ImageObject, WebSite",5,WebPage,100,,0,False,False,False,,
https://www.efax.com/news/consensus-cloud-solutions-to-reimagine-secure-faxing-and-ai-for-healthcare-at-himss-2024,200,True,Other,"WebPage, Organization, BreadcrumbList, ImageObject, WebSite",5,WebPage,100,,0,False,True,False,,
https://www.efax.com/news/consensus-cloud-solutions-to-showcase-ai-powered-solutions-at-vive-2024,200,True,Other,"WebPage, Organization, BreadcrumbList, ImageObject, WebSite",5,WebPage,100,,0,False,False,False,,
https://www.efax.com/news/consensus-cloud-solutions-appoints-industry-leader-johnny-hecker-as-chief-revenue-officer,200,True,Other,"WebPage, Organization, BreadcrumbList, ImageObject, WebSite",5,WebPage,100,,0,False,True,False,,
https://www.efax.com/news/new-efax-platform,200,True,Other,"WebPage, Organization, FAQPage, BreadcrumbList, ImageObject, WebSite",6,WebPage,100,,0,False,True,False,,
https://www.efax.com/reviews/best-free-online-fax-services,200,True,Blog/Article,"WebPage, Organization, FAQPage, BreadcrumbList, ImageObject, WebSite",6,WebPage,100,,0,False,True,False,Article,Article(High)
https://www.efax.com/blog/fax-near-me-categories/fax-locations,404,False,Unknown,,0,None,0,,0,False,False,False,,
https://www.efax.com/blog/news-category/company-news,404,False,Unknown,,0,None,0,,0,False,False,False,,
https://www.efax.com/blog/news-category/press-release,404,False,Unknown,,0,None,0,,0,False,False,False,,
https://www.efax.com/reviews/best-free-fax-apps-for-android,200,True,FAQ,"WebPage, Organization, FAQPage, BreadcrumbList, ImageObject, WebSite",6,WebPage,100,,0,True,True,False,,
https://www.efax.com/all-reviews,200,True,FAQ,"Organization, FAQPage, BreadcrumbList, CollectionPage, ImageObject, WebSite",6,CollectionPage,100,,0,True,True,False,,
https://www.efax.com/reviews/best-free-fax-apps-for-iphone,200,True,FAQ,"WebPage, Organization, FAQPage, BreadcrumbList, ImageObject, WebSite",6,WebPage,100,,0,True,True,False,,
